Passenger ID,Pclass,Sex,Age,SibSp,Parch,Ticket,Fare,Embarked
0.029340157,-0.359652682,0.538825593,-0.077221095,-0.01735836,0.093317008,-0.023107265,0.268185701,0.108516823
